max_mvc_ch1,max_mvc_ch2,minvc_ch1,minvc_ch2,max_acc_y,min_acc_y
6.132521818003555e-07,2.762696925340735e-07,3.355785993605072e-08,8.200876208002715e-09,9.828367776236147,-8.993358127980354
