max_mvc_ch1,max_mvc_ch2,minvc_ch1,minvc_ch2,max_acc_y,min_acc_y
1.0402364237623139e-07,3.482630094911002e-07,1.7339095652605783e-08,2.2656690463520764e-08,9.365751629917057,-7.417350634943188
