max_mvc_ch1,max_mvc_ch2,minvc_ch1,minvc_ch2,max_acc_y,min_acc_y
4.644342097817452e-07,2.8750295790443905e-07,8.253785458191466e-09,4.460200049589401e-09,9.485074105278656,-6.355164394191942
