max_mvc_ch1,max_mvc_ch2,minvc_ch1,minvc_ch2,max_acc_y,min_acc_y
1.66857579515851e-07,6.958556923535476e-08,1.2040198857731268e-09,1.0677617067053241e-09,9.504289082316529,-7.55932904284968
