max_mvc_ch1,max_mvc_ch2,minvc_ch1,minvc_ch2,max_acc_y,min_acc_y
8.210827610539276e-07,2.570059893103931e-07,5.163459422527048e-08,6.155011169065928e-08,9.616497391295571,-7.3412316024040205
